{time: 1.399699,predication:[{class: 'car'},{class: 'car'},{class: 'car'},]}
{time: 1.755106,predication:[{class: 'car'},{class: 'car'},{class: 'car'},]}
{time: 1.369996,predication:[{class: 'car'},{class: 'car'},]}
{time: 1.377652,predication:[{class: 'car'},]}
{time: 1.373726,predication:[{class: 'car'},]}
{time: 1.387616,predication:[{class: 'car'},]}
{time: 1.389844,predication:[{class: 'car'},{class: 'car'},]}
{time: 1.376831,predication:[{class: 'car'},{class: 'car'},{class: 'car'},{class: 'car'},]}
{time: 1.371965,predication:[{class: 'car'},{class: 'car'},{class: 'car'},]}
{time: 1.378975,predication:[{class: 'car'},{class: 'car'},{class: 'car'},]}
{time: 1.583209,predication:[{class: 'car'},{class: 'car'},{class: 'car'},]}
{time: 2.300022,predication:[{class: 'car'},]}
{time: 1.428235,predication:[{class: 'car'},{class: 'car'},]}
{time: 2.242180,predication:[{class: 'car'},{class: 'car'},{class: 'car'},]}
{time: 3.731866,predication:[{class: 'car'},{class: 'car'},{class: 'car'},]}
{time: 2.630614,predication:[{class: 'car'},{class: 'car'},{class: 'car'},{class: 'car'},]}
{time: 1.995069,predication:[{class: 'car'},{class: 'car'},]}
{time: 1.933289,predication:[{class: 'car'},]}
{time: 1.861729,predication:[{class: 'car'},{class: 'car'},]}
{time: 1.725095,predication:[{class: 'car'},{class: 'car'},]}
{time: 1.936203,predication:[{class: 'car'},{class: 'car'},{class: 'car'},]}
{time: 2.623728,predication:[{class: 'car'},{class: 'car'},{class: 'car'},{class: 'car'},{class: 'car'},]}
{time: 1.672141,predication:[{class: 'car'},{class: 'car'},{class: 'car'},]}
{time: 1.637443,predication:[{class: 'car'},{class: 'car'},{class: 'car'},{class: 'car'},]}
{time: 1.804133,predication:[{class: 'car'},{class: 'car'},{class: 'car'},{class: 'car'},]}
{time: 2.344095,predication:[{class: 'car'},{class: 'car'},]}
{time: 1.730957,predication:[{class: 'car'},{class: 'car'},]}
{time: 2.239875,predication:[]}
{time: 1.619719,predication:[{class: 'car'},{class: 'car'},{class: 'car'},]}
{time: 1.719247,predication:[{class: 'car'},{class: 'car'},{class: 'car'},]}
{time: 1.761746,predication:[{class: 'car'},{class: 'car'},{class: 'car'},{class: 'car'},]}
{time: 1.933691,predication:[{class: 'car'},{class: 'car'},{class: 'car'},{class: 'car'},]}
{time: 1.866349,predication:[{class: 'car'},{class: 'car'},]}
{time: 1.777029,predication:[{class: 'car'},{class: 'car'},]}
{time: 1.879186,predication:[{class: 'car'},{class: 'car'},{class: 'car'},]}
{time: 1.853037,predication:[{class: 'car'},{class: 'car'},]}
{time: 1.652692,predication:[{class: 'car'},{class: 'car'},]}
{time: 1.630576,predication:[{class: 'car'},{class: 'car'},{class: 'car'},{class: 'car'},]}
{time: 2.038988,predication:[{class: 'car'},{class: 'car'},{class: 'car'},]}
{time: 2.091035,predication:[{class: 'car'},{class: 'car'},{class: 'car'},]}
{time: 1.647048,predication:[{class: 'car'},{class: 'car'},]}
{time: 2.197111,predication:[{class: 'car'},{class: 'car'},{class: 'car'},]}
{time: 2.064749,predication:[{class: 'car'},{class: 'car'},]}
{time: 2.161069,predication:[{class: 'car'},]}
{time: 2.476695,predication:[{class: 'car'},]}
{time: 1.759279,predication:[{class: 'car'},{class: 'car'},]}
{time: 1.610059,predication:[{class: 'car'},{class: 'car'},{class: 'car'},]}
{time: 1.864280,predication:[{class: 'car'},]}
{time: 1.750839,predication:[{class: 'car'},{class: 'car'},]}
{time: 1.892479,predication:[{class: 'car'},{class: 'car'},{class: 'car'},]}
{time: 1.841139,predication:[{class: 'car'},{class: 'car'},{class: 'car'},{class: 'car'},{class: 'car'},{class: 'car'},{class: 'car'},{class: 'car'},]}
{time: 1.627634,predication:[{class: 'car'},{class: 'car'},{class: 'car'},{class: 'car'},]}
