{time: 1.368175,predication:[]}
{time: 1.464292,predication:[{class: 'person'},]}
{time: 1.732092,predication:[]}
{time: 1.596774,predication:[]}
{time: 1.678347,predication:[{class: 'car'},{class: 'car'},]}
{time: 2.265789,predication:[{class: 'car'},{class: 'car'},]}
{time: 1.699641,predication:[{class: 'car'},{class: 'car'},]}
{time: 1.674440,predication:[{class: 'car'},]}
{time: 1.661362,predication:[{class: 'car'},{class: 'car'},{class: 'car'},]}
{time: 1.624701,predication:[{class: 'car'},]}
{time: 3.601184,predication:[{class: 'car'},]}
{time: 2.167041,predication:[{class: 'car'},{class: 'car'},]}
{time: 2.415459,predication:[{class: 'car'},{class: 'car'},]}
{time: 2.237388,predication:[{class: 'car'},]}
{time: 1.760280,predication:[{class: 'car'},{class: 'car'},]}
{time: 2.131792,predication:[{class: 'person'},{class: 'car'},{class: 'car'},]}
{time: 1.641363,predication:[{class: 'car'},]}
{time: 1.997207,predication:[{class: 'car'},{class: 'car'},]}
{time: 1.703676,predication:[{class: 'car'},{class: 'car'},{class: 'car'},]}
{time: 1.859988,predication:[{class: 'car'},{class: 'car'},]}
{time: 2.083492,predication:[{class: 'car'},{class: 'car'},{class: 'car'},]}
{time: 2.117700,predication:[{class: 'tvmonitor'},{class: 'car'},{class: 'car'},{class: 'car'},{class: 'car'},{class: 'car'},]}
{time: 2.265651,predication:[{class: 'car'},{class: 'car'},]}
{time: 1.866686,predication:[{class: 'car'},{class: 'car'},]}
{time: 2.285302,predication:[{class: 'car'},{class: 'car'},{class: 'car'},]}
{time: 2.338552,predication:[{class: 'car'},{class: 'car'},]}
{time: 3.166967,predication:[{class: 'car'},{class: 'car'},{class: 'car'},]}
{time: 3.042002,predication:[{class: 'car'},{class: 'car'},{class: 'car'},{class: 'car'},{class: 'car'},]}
{time: 3.179768,predication:[{class: 'car'},{class: 'car'},{class: 'car'},{class: 'car'},]}
{time: 2.916676,predication:[{class: 'car'},{class: 'car'},{class: 'car'},{class: 'car'},{class: 'car'},{class: 'car'},]}
{time: 2.387596,predication:[{class: 'car'},{class: 'car'},{class: 'car'},{class: 'car'},{class: 'car'},]}
{time: 2.277124,predication:[{class: 'car'},{class: 'car'},{class: 'car'},]}
{time: 3.534754,predication:[{class: 'car'},{class: 'car'},{class: 'car'},{class: 'car'},]}
{time: 3.423336,predication:[{class: 'car'},{class: 'car'},{class: 'car'},{class: 'car'},{class: 'car'},]}
{time: 3.282154,predication:[{class: 'car'},{class: 'car'},{class: 'car'},{class: 'car'},{class: 'car'},{class: 'car'},{class: 'car'},{class: 'car'},{class: 'car'},]}
{time: 3.273796,predication:[{class: 'car'},{class: 'car'},{class: 'car'},{class: 'car'},{class: 'car'},{class: 'car'},{class: 'car'},{class: 'car'},{class: 'car'},]}
{time: 2.523757,predication:[{class: 'car'},{class: 'car'},{class: 'car'},{class: 'car'},{class: 'car'},{class: 'car'},]}
{time: 3.298896,predication:[{class: 'car'},{class: 'person'},{class: 'car'},{class: 'car'},{class: 'car'},{class: 'car'},]}
{time: 3.472880,predication:[{class: 'car'},{class: 'car'},{class: 'car'},{class: 'car'},]}
{time: 4.100384,predication:[{class: 'car'},{class: 'car'},{class: 'car'},{class: 'car'},{class: 'car'},]}
{time: 4.329417,predication:[{class: 'car'},{class: 'car'},{class: 'car'},{class: 'car'},{class: 'car'},]}
{time: 6.843947,predication:[{class: 'car'},{class: 'car'},{class: 'car'},{class: 'boat'},{class: 'car'},{class: 'car'},]}
{time: 6.256725,predication:[{class: 'car'},{class: 'car'},{class: 'car'},{class: 'car'},]}
{time: 6.588244,predication:[{class: 'car'},{class: 'car'},{class: 'car'},{class: 'car'},{class: 'car'},]}
{time: 6.719656,predication:[{class: 'car'},{class: 'car'},{class: 'car'},]}
{time: 6.099801,predication:[{class: 'car'},{class: 'car'},{class: 'car'},]}
{time: 1.548575,predication:[{class: 'car'},{class: 'car'},{class: 'car'},]}
{time: 1.803476,predication:[{class: 'car'},{class: 'car'},{class: 'car'},]}
{time: 1.771451,predication:[{class: 'car'},{class: 'car'},{class: 'car'},]}
{time: 1.738763,predication:[{class: 'car'},{class: 'car'},{class: 'car'},]}
{time: 1.604375,predication:[{class: 'car'},{class: 'car'},{class: 'car'},]}
{time: 2.459348,predication:[{class: 'car'},{class: 'car'},]}
{time: 1.882149,predication:[{class: 'motorbike'},{class: 'car'},]}
{time: 2.302637,predication:[{class: 'car'},{class: 'car'},{class: 'car'},]}
{time: 1.715690,predication:[{class: 'car'},{class: 'car'},]}
{time: 1.746410,predication:[{class: 'car'},{class: 'car'},{class: 'aeroplane'},]}
{time: 2.077077,predication:[{class: 'car'},{class: 'car'},{class: 'car'},]}
{time: 1.785026,predication:[{class: 'car'},{class: 'car'},{class: 'car'},{class: 'car'},]}
{time: 2.396243,predication:[{class: 'car'},{class: 'car'},{class: 'car'},{class: 'car'},]}
{time: 2.348085,predication:[{class: 'car'},{class: 'car'},{class: 'car'},{class: 'car'},]}
{time: 1.960431,predication:[{class: 'person'},{class: 'car'},{class: 'car'},]}
{time: 2.269291,predication:[{class: 'car'},{class: 'car'},{class: 'car'},]}
{time: 1.843332,predication:[{class: 'car'},{class: 'car'},{class: 'car'},]}
{time: 2.521424,predication:[{class: 'car'},{class: 'car'},{class: 'car'},{class: 'car'},]}
{time: 2.555775,predication:[{class: 'car'},{class: 'car'},{class: 'car'},{class: 'car'},]}
{time: 2.173800,predication:[{class: 'car'},{class: 'car'},{class: 'car'},]}
{time: 2.383097,predication:[{class: 'car'},{class: 'car'},{class: 'car'},{class: 'car'},{class: 'car'},{class: 'car'},]}
{time: 1.879138,predication:[{class: 'car'},{class: 'car'},{class: 'car'},]}
{time: 2.319947,predication:[{class: 'car'},{class: 'car'},{class: 'car'},]}
{time: 1.985732,predication:[{class: 'car'},{class: 'car'},{class: 'car'},{class: 'car'},]}
{time: 2.138174,predication:[{class: 'car'},]}
{time: 3.506769,predication:[{class: 'car'},{class: 'car'},]}
{time: 5.543434,predication:[{class: 'car'},{class: 'car'},]}
{time: 4.770407,predication:[{class: 'car'},{class: 'person'},{class: 'car'},]}
{time: 4.870417,predication:[{class: 'car'},{class: 'car'},]}
{time: 3.355770,predication:[{class: 'car'},{class: 'car'},{class: 'car'},{class: 'car'},]}
{time: 1.928464,predication:[{class: 'car'},{class: 'car'},{class: 'car'},]}
{time: 1.738431,predication:[{class: 'car'},{class: 'car'},]}
{time: 1.546212,predication:[{class: 'car'},]}
{time: 1.827055,predication:[{class: 'tvmonitor'},{class: 'car'},]}
{time: 1.647966,predication:[{class: 'car'},]}
{time: 2.536581,predication:[{class: 'car'},]}
{time: 2.191442,predication:[{class: 'car'},]}
{time: 2.131848,predication:[{class: 'car'},]}
{time: 1.631674,predication:[{class: 'car'},]}
{time: 1.654529,predication:[{class: 'car'},]}
{time: 1.650785,predication:[{class: 'car'},{class: 'car'},]}
{time: 1.655970,predication:[{class: 'car'},{class: 'car'},{class: 'car'},]}
{time: 1.658822,predication:[{class: 'car'},{class: 'car'},]}
{time: 1.653475,predication:[{class: 'car'},{class: 'car'},]}
{time: 1.660695,predication:[{class: 'car'},{class: 'car'},]}
{time: 1.645308,predication:[{class: 'car'},]}
{time: 1.707504,predication:[]}
{time: 1.657871,predication:[]}
{time: 4.356052,predication:[{class: 'car'},]}
{time: 5.193764,predication:[{class: 'car'},{class: 'car'},]}
{time: 5.003392,predication:[{class: 'car'},]}
{time: 5.297121,predication:[{class: 'car'},]}
{time: 1.431293,predication:[]}
{time: 1.805827,predication:[]}
{time: 1.489146,predication:[]}
{time: 1.671705,predication:[{class: 'car'},]}
{time: 1.861140,predication:[{class: 'car'},]}
{time: 2.481459,predication:[{class: 'car'},{class: 'car'},{class: 'car'},]}
{time: 2.633089,predication:[{class: 'car'},]}
{time: 2.441782,predication:[{class: 'car'},]}
{time: 2.038970,predication:[]}
{time: 2.373453,predication:[]}
{time: 2.655379,predication:[{class: 'person'},{class: 'car'},{class: 'chair'},]}
{time: 2.420550,predication:[]}
{time: 2.092608,predication:[{class: 'car'},]}
{time: 2.226517,predication:[{class: 'car'},{class: 'car'},]}
{time: 1.647093,predication:[]}
{time: 2.100154,predication:[{class: 'car'},{class: 'car'},]}
{time: 2.227036,predication:[{class: 'car'},{class: 'car'},]}
{time: 1.757486,predication:[{class: 'car'},{class: 'car'},{class: 'car'},]}
{time: 2.373705,predication:[]}
{time: 2.382014,predication:[{class: 'chair'},]}
{time: 2.107723,predication:[{class: 'car'},]}
{time: 5.312334,predication:[{class: 'car'},]}
{time: 5.145041,predication:[{class: 'car'},]}
{time: 4.711217,predication:[{class: 'car'},]}
{time: 5.116140,predication:[{class: 'car'},]}
{time: 1.579759,predication:[{class: 'boat'},{class: 'car'},]}
{time: 1.721462,predication:[]}
